{
    "hz_per_ppm": 123.24223007855626,
    "spec_pts": 512.0,
    "freq_offset": -2.5356580042462853,
    "chem_shift_ref": 4.7,
    "spec_width": 625.0,
    "hz_per_pt": 1.220703125,
    "ppm_range": 5.0713141849587595,
    "ppm_per_pt": 0.009904910517497577,
    "center_ppm": 2.1643419957537158,
    "left_edge_ppm": 4.699999088233095
}